player_name,Position,xg,shots,shots_on_target,goals_Other_Position
A. Bilow,CF,0.23,3,1,1
A. Bilow,LAMF,0.27,1,1,1
A. Bilow,"LCMF, RW",0.06,2,1,0
A. Bilow,"LW, CF",0.54,5,4,0
A. Bilow,"LW, RCMF3",0.26,3,0,0
A. Bilow,RAMF,0.41000000000000003,5,4,0
A. Bilow,"RAMF, RW",0.05,1,1,0
A. Bilow,"RW, CF",0.11,1,0,0
A. Camara,AMF,0.95,2,0,0
A. Camara,"AMF, CF",0.19,2,0,0
A. Camara,"AMF, CF, RAMF",0.76,1,1,1
A. Camara,CF,22.18,106,50,29
A. Camara,"CF, LW",0.75,3,2,1
A. Camara,"CF, LWB",0.46,2,1,1
A. Camara,"CF, RW",0.62,4,3,1
A. Camara,"RWF, CF",0.11,1,0,0
A. Hall,AMF,0.47,3,1,1
A. Hall,"AMF, CF",0.04,1,0,0
A. Hall,CF,0.02,1,0,0
A. Hall,"LW, CF",0.35,2,1,0
A. Hall,"RW, CF",0.05,2,1,0
A. Kato,CF,2.41,15,9,1
A. Narang,AMF,0.13,2,1,0
A. Narang,DMF,0.11,3,1,0
A. Narang,"DMF, LCMF",0.02,1,1,0
A. Narang,RCMF3,0.17,1,1,0
A. Ndrenika,AMF,0.25,2,0,0
A. Ndrenika,"AMF, LAMF",0.25,2,0,0
A. Ndrenika,"AMF, LCMF",0.25,3,3,1
A. Ndrenika,"AMF, LW",0.17,3,1,0
A. Ndrenika,"AMF, RDMF",0.0,1,0,0
A. Ndrenika,LAMF,0.2,2,1,0
A. Ndrenika,"LAMF, LDMF",0.29,2,1,0
A. Ndrenika,LCMF,0.5,6,1,1
A. Ndrenika,"LCMF, LW",0.01,1,0,0
A. Ndrenika,"LCMF, RCMF",0.15,2,2,0
A. Ndrenika,"LDMF, RAMF",0.02,1,0,0
A. Ndrenika,RCMF,0.38,5,3,1
A. Ndrenika,"RCMF, RW",0.38,2,2,0
A. Nitzl,"AMF, LDMF",0.01,1,0,0
A. Nitzl,"DMF, LB",0.06,1,0,0
A. Nitzl,"LB, RDMF",0.0,1,0,0
A. Nitzl,"LCB, RDMF",0.0,1,0,0
A. Nitzl,LCMF,0.08,2,0,0
A. Nitzl,LDMF,0.08,1,0,0
A. Nitzl,"LDMF, RB, RDMF",0.01,1,0,0
A. Nitzl,"LDMF, RDMF",0.0,1,0,0
A. Nitzl,RDMF,0.03,3,0,0
A. Ochoa,AMF,0.74,8,2,0
A. Ochoa,"AMF, CF",0.4,1,1,0
A. Ochoa,"AMF, CF, RWF",0.01,1,0,0
A. Ochoa,"AMF, LCMF",0.1,2,1,1
A. Ochoa,"AMF, LCMF, LDMF",0.08,1,1,1
A. Ochoa,"AMF, LDMF, RDMF",0.01,1,0,0
A. Ochoa,CF,1.7999999999999998,7,2,1
A. Ochoa,"CF, LAMF",0.4,4,2,0
A. Ochoa,"CF, LCMF",0.57,3,2,1
A. Ochoa,"CF, LCMF3",1.01,4,2,1
A. Ochoa,"CF, LCMF3, LWF",1.01,3,0,0
A. Ochoa,"CF, LW",0.06,2,1,0
A. Ochoa,"CF, RB, RCMF3, RW",0.26,3,2,1
A. Ochoa,"CF, RCMF, RW",0.36,3,0,0
A. Ochoa,"DMF, LW",0.26,3,1,0
A. Ochoa,"LAMF, LW, RW",0.16,1,1,0
A. Ochoa,"LAMF, RAMF",0.38,2,0,0
A. Ochoa,LCMF,0.04,2,2,0
A. Ochoa,"LCMF, LW",0.74,2,1,1
A. Ochoa,"LCMF, RAMF, RDMF",0.55,2,1,0
A. Ochoa,"LCMF, RCMF",0.97,5,3,2
A. Ochoa,"LCMF3, LWF",0.1,3,1,0
A. Ochoa,"LCMF3, RCMF",0.38,2,1,0
A. Ochoa,"LCMF3, RWF",0.05,1,1,0
A. Ochoa,LDMF,0.0,1,0,0
A. Ochoa,"LDMF, RDMF",0.02,1,0,0
A. Ochoa,"LW, RCMF",0.07,1,1,0
A. Ochoa,LWF,1.76,9,6,3
A. Ochoa,"LWF, RCMF, RWF",0.15,3,0,0
A. Ochoa,"LWF, RWF",0.05,1,0,0
A. Ochoa,"RCMF, RCMF3",0.0,1,0,0
A. Ochoa,"RCMF, RCMF3, RW",0.02,2,1,0
A. Ochoa,RWF,0.38999999999999996,4,2,1
A. Roberts,"CF, RW",0.36,1,1,0
A. Roberts,"LB, LCMF",0.03,1,0,0
A. Roberts,LCMF,0.15,3,0,0
A. Roberts,"LCMF, LW, RW",0.21,1,1,1
A. Roberts,"LCMF, RW",0.17,2,0,0
A. Roberts,"RAMF, RB",0.78,2,1,1
A. Roberts,"RB, RCMF",0.39,3,0,0
A. Samways,"LCMF, RCMF",0.05,2,0,0
A. Vovk,CF,1.5899999999999999,9,4,3
A. Vovk,"CF, LW",0.55,4,1,0
A. Vovk,"CF, RB",0.35,3,1,0
A.Awujo,CF,4.26,22,10,3
A.Awujo,"CF, RAMF",0.22,2,0,0
A.Awujo,"CF, RDMF",0.5,4,2,1
A.Awujo,"CF, RW",0.34,3,0,0
A.Awujo,LAMF,0.19,2,1,1
A.Awujo,"LAMF, RAMF",0.19,2,1,0
A.Awujo,"LAMF, RAMF, CF",0.19,2,0,0
A.Awujo,"LWF, RAMF, RW",0.95,3,1,1
A.Awujo,"LWF, RWF",1.4,6,2,1
A.Awujo,RAMF,1.46,4,2,0
A.Awujo,"RCMF, RW",0.01,1,0,0
A.Awujo,"RCMF3, RWF",0.01,1,0,0
A.Awujo,"RW, CF",0.14,2,1,0
B. Blevins,"AMF, LAMF, LCMF, RCMF",0.25,6,3,0
B. Blevins,"AMF, LCMF",0.11,1,0,0
B. Blevins,"AMF, LW, RW",0.09,2,1,0
B. Blevins,"AMF, LWB",0.17,1,1,1
B. Blevins,"AMF, RCMF3",0.16,2,2,0
B. Blevins,CF,0.03,1,0,0
B. Blevins,"CF, RW",0.27,1,1,0
B. Blevins,DMF,0.23,1,0,0
B. Blevins,LAMF,0.56,4,2,2
B. Blevins,"LAMF, LW",0.35,3,2,0
B. Blevins,"LAMF, RAMF, RCMF3",0.0,1,0,0
B. Blevins,"LB, LW, LWF",0.87,3,2,1
B. Blevins,LCMF,0.060000000000000005,2,0,0
B. Blevins,"LCMF, LCMF3, LW, RW",0.1,3,1,0
B. Blevins,"LCMF, LW, RCMF",0.8200000000000001,3,1,1
B. Blevins,"LCMF, RCMF",0.18,6,1,1
B. Blevins,"LCMF, RCMF, RW",0.04,1,0,0
B. Blevins,LCMF3,0.05,1,1,0
B. Blevins,"LDMF, RCMF",0.01,2,0,0
B. Blevins,"LWB, LWF",0.03,2,0,0
B. Blevins,"LWB, RWF",0.33999999999999997,3,3,0
B. Blevins,RAMF,0.19,5,1,0
B. Blevins,"RAMF, RW",0.07,3,0,0
B. Blevins,RCMF3,0.2,3,1,0
B. Clagette,CF,2.42,11,3,2
B. Clagette,"CF, RB, RWF",0.04,1,1,0
B. Clagette,RAMF,0.57,5,2,1
B. Clagette,"RAMF, RB5",0.1,1,1,0
B. Clagette,"RCMF3, RW",0.11,1,1,0
B. Keating,CF,0.45,1,1,1
B. Keating,"CF, LWF",0.12,1,1,0
B. Keating,"CF, RAMF",0.01,1,0,0
B. LeBel,"DMF, LCB, LCB3",0.08,1,0,0
B. Liscum,"AMF, RAMF, RW",0.42,2,1,1
B. Liscum,CF,0.54,3,3,0
B. Liscum,"CF, RAMF",0.28,2,0,0
B. Liscum,LAMF,0.29,2,2,0
B. Liscum,"LAMF, LWB, RAMF",0.42,3,2,0
B. Liscum,LCMF,0.47,3,1,1
B. Liscum,LCMF3,0.17,1,1,0
B. Liscum,LDMF,0.29,1,1,0
B. Liscum,"LWF, RCMF3",0.16,2,0,0
B. Liscum,RAMF,0.14,1,1,1
B. Liscum,RCMF,0.22,2,0,0
B. Liscum,RCMF3,0.01,1,0,0
B. Madore,"AMF, CF",0.14,2,1,0
B. Madore,"AMF, RWB",0.07,1,1,0
B. Madore,CF,0.12,1,0,0
B. Soto,"AMF, CF",0.11,1,0,0
B. Soto,"AMF, LAMF, RAMF",0.09,4,2,0
B. Soto,"AMF, RAMF",0.1,1,0,0
B. Soto,CF,0.7,9,2,0
B. Soto,"CF, LCMF3",0.1,1,0,0
B. Soto,"CF, LWF, RWF",0.11,3,2,1
B. Soto,"CF, RAMF",0.21,2,2,1
B. Soto,"CF, RCMF3",0.11,2,2,1
B. Soto,"CF, RWF",0.56,4,2,1
B. Soto,"LAMF, RAMF",1.18,14,9,2
B. Soto,"LCMF, LW",0.22,3,1,0
B. Soto,"LCMF3, CF",0.13999999999999999,2,1,0
B. Soto,"LW, LWF, RWF",0.0,1,0,0
B. Soto,"LW, RW, CF",0.06,3,0,0
B. Soto,LWF,1.41,11,4,1
B. Soto,"LWF, RAMF, RWF",0.07,6,1,0
B. Soto,"LWF, RWF",0.76,12,6,0
B. Soto,RAMF,2.28,22,12,2
B. Soto,"RCMF3, RWF",0.12,2,2,0
B. Soto,"RW, RWF",0.07,1,1,0
B. Soto,RWF,2.82,32,12,2
C. Arce,"AMF, LDMF",0.0,1,0,0
C. Arce,DMF,0.04,1,0,0
C. Arce,"LCMF, RCMF",0.57,3,0,0
C. Arce,LDMF,0.05,1,0,0
C. Arce,"LDMF, RDMF",0.19,3,0,0
C. Arce,RCMF,1.77,6,2,1
C. Bruletti,"AMF, DMF",0.54,5,1,0
C. Bruletti,DMF,0.2,4,1,0
C. Bruletti,"DMF, LCMF3",0.2,1,0,0
C. Bruletti,"DMF, LCMF3, RCMF3",0.55,2,0,0
C. Bruletti,LCMF,0.17,4,1,0
C. Bruletti,"LCMF, RCMF",0.19,2,0,0
C. Bruletti,"LDMF, RDMF",0.76,1,1,1
C. Bruletti,RCMF,0.47000000000000003,7,0,0
C. Bruletti,RCMF3,0.01,1,0,0
C. Bruletti,RDMF,0.01,3,0,0
C. Brunell,AMF,0.41000000000000003,4,1,1
C. Brunell,"AMF, RDMF",0.09,2,0,0
C. Brunell,"AMF, RW",0.25,2,1,1
C. Brunell,CF,0.49000000000000005,4,0,0
C. Brunell,"CF, RAMF",0.1,2,0,0
C. Brunell,LAMF,0.03,1,0,0
C. Brunell,RAMF,0.49000000000000005,3,0,0
C. Brunell,"RAMF, RW",0.43,3,0,0
C. Brunell,"RW, CF",0.05,1,1,0
C. Buckley,AMF,0.96,5,3,2
C. Buckley,"AMF, DMF, LDMF, RCMF3",0.21,1,1,0
C. Buckley,"AMF, LCMF",0.03,1,0,0
C. Buckley,"AMF, RCMF",0.2,2,2,0
C. Buckley,CF,1.96,10,4,2
C. Buckley,"DMF, LCMF",0.0,1,0,0
C. Buckley,"LCMF, LWB, RWB",0.16,2,0,0
C. Buckley,"LCMF, RCMF",0.17,4,2,0
C. Buckley,"LCMF3, RCMF3",0.05,2,1,0
C. Buckley,"LWB, RCMF3, CF",0.27,2,1,0
C. Buckley,RCMF,0.06,1,1,0
C. Buckley,"RCMF, CF",0.73,4,2,2
C. Buckley,"RCMF, RCMF3",0.02,3,0,0
C. Buckley,RCMF3,1.16,4,4,0
C. Calov,AMF,3.19,30,15,4
C. Calov,"AMF, CF",0.21,3,1,0
C. Calov,"AMF, CF, RAMF",0.97,2,1,1
C. Calov,"AMF, CF, RCMF",0.13,1,1,0
C. Calov,"AMF, LAMF",1.38,7,2,1
C. Calov,"AMF, LAMF, LW",0.23,5,3,0
C. Calov,"AMF, LCMF",0.29,4,2,1
C. Calov,"AMF, LCMF3",0.09,3,1,0
C. Calov,"AMF, LW, RW",0.05,1,0,0
C. Calov,"AMF, RCMF3",0.01,1,0,0
C. Calov,"AMF, RW",0.97,6,5,2
C. Calov,CF,0.97,10,6,3
C. Calov,"CF, LWF",0.58,7,4,0
C. Calov,"CF, RWB",0.37,4,2,0
C. Calov,"CF, RWF",0.38,3,0,0
C. Calov,LAMF,0.39,3,2,0
C. Calov,"LAMF, LCMF",0.17,3,1,0
C. Calov,LCMF,0.13,4,1,0
C. Calov,"LCMF, LW, CF",0.47,6,3,0
C. Calov,"LCMF, LW, RW",0.12,2,1,0
C. Calov,"LCMF, RCMF",0.15,5,1,0
C. Calov,"LCMF, RWB",0.01,1,0,0
C. Calov,"LCMF3, RCMF3",0.19,2,2,0
C. Calov,"LWB, CF",0.07,2,1,0
C. Calov,"LWB, LWF, RB5",0.08,1,0,0
C. Calov,"LWB, LWF, RWF",0.07,1,1,0
C. Calov,"LWB, RWB, RWF",0.01,1,0,0
C. Calov,"LWF, RW",0.46,3,1,0
C. Calov,RCMF3,0.06,2,1,0
C. Calov,"RCMF3, CF",0.67,3,1,1
C. Calov,"RW, RWB, RWF",0.46,3,2,1
C. Calov,RWF,0.03,1,0,0
C. Crockford,AMF,0.27999999999999997,4,1,0
C. Crockford,"AMF, LCMF, LDMF",0.05,1,1,0
C. Crockford,CF,0.37,4,1,1
C. Crockford,LCMF,0.01,1,0,0
C. Crockford,RDMF,0.15,1,0,0
C. Cruthers,DMF,0.05,3,1,0
C. Cruthers,"DMF, LDMF",0.08,1,0,0
C. Cruthers,"DMF, RCMF",0.09,2,1,0
C. Cruthers,"DMF, RDMF",0.0,1,0,0
C. Cruthers,LCMF,0.44,3,3,1
C. Cruthers,"LCMF, LDMF",0.09,1,0,0
C. Cruthers,"LCMF, RCMF",0.03,2,1,0
C. Cruthers,LDMF,0.6,9,1,0
C. Cruthers,RCMF,0.14,6,1,0
C. Cruthers,RCMF3,0.2,1,1,0
C. Desroches,CF,0.21,5,0,0
C. Dionne,AMF,1.29,15,1,0
C. Dionne,"AMF, CF",0.14,2,0,0
C. Dionne,"AMF, LAMF",0.51,4,2,0
C. Dionne,"AMF, LW",0.3,1,0,0
C. Dionne,CF,0.5800000000000001,8,3,2
C. Dionne,"CF, LW",0.0,1,0,0
C. Dionne,"CF, RW",0.01,1,0,0
C. Dionne,"RW, CF",0.02,1,0,0
C. Gerber,"CF, RW",0.2,3,2,0
C. Grabfelder,AMF,0.18,4,1,1
C. Grabfelder,"AMF, LAMF, LW, RCMF3",0.06,2,0,0
C. Grabfelder,"AMF, LCMF",0.05,2,0,0
C. Grabfelder,"AMF, LCMF, RCMF",0.06,3,0,0
C. Grabfelder,CF,0.27,2,1,0
C. Grabfelder,"CF, RCMF",0.07,3,1,1
C. Grabfelder,"LAMF, LWF",0.1,4,1,1
C. Grabfelder,"LAMF, RDMF",0.31,1,0,0
C. Grabfelder,"LCMF, LW",0.05,1,1,0
C. Grabfelder,LCMF3,0.69,6,2,2
C. Grabfelder,RCMF,0.07,2,0,0
C. Grabfelder,RCMF3,0.02,1,1,1
C. Griffith,"AMF, CF",0.02,1,0,0
C. Griffith,"AMF, RAMF",0.16,1,0,0
C. Griffith,CF,2.9299999999999997,18,10,2
C. Griffith,"CF, LAMF",2.05,11,5,1
C. Griffith,"CF, LW",1.8099999999999998,13,7,3
C. Griffith,LAMF,0.54,9,4,1
C. Griffith,"LW, RCMF",0.04,2,1,0
C. Heuer,CF,0.21,3,1,0
C. Heuer,RCMF,0.35,4,3,2
C. Kosakoff,CF,5.45,37,18,6
C. Lawrence,AMF,0.03,2,0,0
C. Lawrence,"AMF, CF",0.0,1,0,0
C. Lawrence,"AMF, LAMF",0.03,1,1,0
C. Lawrence,CF,0.22,3,2,0
C. Lawrence,LAMF,0.54,7,3,1
C. Lawrence,"LAMF, LW",0.06,1,1,0
C. Lawrence,LCMF,0.42000000000000004,9,3,0
C. Lawrence,"LCMF, LDMF, RCMF3",0.03,1,0,0
C. Lawrence,"LCMF, LW",0.1,2,0,0
C. Lawrence,"LCMF, RCMF",0.02,1,0,0
C. Lawrence,"LWF, RWF",1.1400000000000001,6,2,2
C. Lawrence,RCMF,0.0,1,0,0
C. Lawrence,"RCMF, RW",0.03,1,0,0
C. Leber,"CF, RB5, RW",0.23,2,0,0
C. Leber,RAMF,0.17,2,0,0
C. Leber,"RAMF, RW",0.16,1,1,0
C. Lofy,"CF, RCMF",0.04,1,1,0
C. Lofy,"LCMF, LDMF, CF",0.12,1,1,0
C. Lofy,LDMF,0.29,1,0,0
C. Lofy,"LDMF, RDMF",0.02,1,0,0
C. Lofy,RCMF,0.07,1,0,0
C. Lofy,RDMF,0.06,1,0,0
C. McCamy,"AMF, LDMF, RDMF",0.0,1,0,0
C. McCamy,DMF,0.19,1,1,1
C. McCamy,"DMF, LB",0.02,1,1,0
C. McCamy,"DMF, LCMF, RCMF",0.08,3,1,0
C. McCamy,"LAMF, LDMF",0.11,2,2,1
C. McCamy,"LAMF, RDMF",0.0,1,0,0
C. McCamy,"LB, LDMF",0.0,1,0,0
C. McCamy,LCMF,0.98,13,4,0
C. McCamy,"LCMF, LDMF",0.27999999999999997,7,4,1
C. McCamy,"LCMF, LW",0.21000000000000002,4,4,0
C. McCamy,"LCMF, RCMF",0.03,1,0,0
C. McCamy,"LCMF3, RCMF3",0.09,2,0,0
C. McCamy,LDMF,0.6900000000000001,12,4,0
C. McCamy,"LDMF, RDMF",0.07,3,0,0
C. McCamy,"LW, RCMF",0.21,2,0,0
C. McCamy,RCMF,0.19,5,1,0
C. McCamy,"RCMF, RCMF3, RDMF",0.01,1,0,0
C. McCamy,"RCMF, RW",0.06,4,0,0
C. McCamy,RDMF,0.01,1,0,0
C. Meyers,CF,0.2,2,0,0
C. Meyers,"LAMF, LB",0.0,1,0,0
C. Meyers,"LB, LCMF",0.0,1,0,0
C. Murador,CF,0.09,1,0,0
C. Murador,LAMF,0.03,1,0,0
C. Murador,"LW, CF",0.32,1,0,0
C. Murador,LWF,0.09,1,0,0
C. Oduro,"AMF, LAMF, RAMF",0.18,3,2,1
C. Oduro,CF,2.0300000000000002,9,3,0
C. Oduro,"CF, LW",0.46,6,3,0
C. Oduro,"CF, LW, RW",0.75,6,3,1
C. Oduro,"CF, RW",0.06,1,0,0
C. Oduro,"LAMF, LW, RW",0.16,2,0,0
C. Oduro,LCMF3,0.01,1,0,0
C. Oduro,"LW, CF",0.5,9,2,1
C. Oduro,"LW, RAMF",0.01,1,0,0
C. Oduro,"LW, RW, CF",0.33,3,1,0
C. Oduro,LWF,0.55,3,2,2
C. Oduro,"RW, CF",0.06,3,0,0
C. Oliver,"AMF, CF",0.04,1,1,0
C. Oliver,"AMF, RAMF",0.1,1,0,0
C. Oliver,CF,0.54,6,1,0
C. Oliver,"CF, RWB",0.03,1,0,0
C. Oliver,LAMF,0.48000000000000004,6,3,2
C. Oliver,"LAMF, RAMF",0.11,2,2,0
C. Oliver,RAMF,0.87,15,5,2
C. Oliver,"RAMF, RW",0.11,2,0,0
C. Peretti,RAMF,0.47,2,1,1
C. Steinleitner,DMF,0.0,1,0,0
C. Steinleitner,"LCB, RDMF",0.31,1,1,1
C. Steinleitner,"LCMF, LDMF",0.34,3,1,0
C. Steinleitner,"LDMF, RDMF",0.0,1,0,0
C. Thaggard,CF,2.92,24,9,4
C. Thaggard,"LW, CF",0.09,2,0,0
C. Thaggard,RAMF,0.06,2,2,0
C. Thaggard,RWF,0.17,1,0,0
C. Wilkerson,"AMF, LDMF",0.36,1,1,1
C. Wilkerson,"CF, LAMF, LCMF3, LW, RCMF3",0.32,5,1,0
C. Wilkerson,"LAMF, LDMF",0.27,4,0,0
C. Wilkerson,LCMF,0.19,2,0,0
C. Wilkerson,"LCMF, LDMF",0.02,3,0,0
C. Wilkerson,"LCMF, LW, RCMF, RW",0.7,3,1,1
C. Wilkerson,"LCMF3, RCMF3",0.09,2,1,0
C. Wilkerson,"LDMF, RCMF",0.19,2,1,1
C. Wilkerson,RAMF,0.02,1,0,0
C. Wilkerson,RCMF,0.11,1,0,0
D. Ajagbe,CF,5.2,27,11,5
D. Ajagbe,RWF,0.74,6,4,1
D. Boltz,CF,5.97,36,19,9
D. Boltz,"CF, RW",0.4,3,1,0
D. Carlson,"LCMF, RCMF",0.02,1,0,0
D. Carlson,"LDMF, RDMF",0.04,1,0,0
D. Carlson,"RCMF3, RW",0.17,2,1,0
D. Herrera,"AMF, LCMF",0.44,3,1,0
D. Herrera,CF,0.11,1,0,0
D. Herrera,"CF, LCMF3",0.08,1,0,0
D. Herrera,"CF, LW",0.12,1,0,0
D. Herrera,"CF, RCMF3",0.03,1,0,0
D. Herrera,"DMF, RCMF3, CF",0.66,3,1,0
D. Herrera,"LCMF, RW",0.29,2,1,0
D. Herrera,"LW, RCMF",0.06,1,0,0
D. Herrera,"LWF, RAMF",0.1,1,0,0
D. Herrera,"RAMF, RW",0.14,4,1,0
D. Herrera,"RCMF3, CF",0.33,1,1,0
D. Tran,"DMF, CF",0.08,1,0,0
D. Tran,"LCMF, RCMF",0.13,1,1,1
D. Tran,LCMF3,0.32,1,1,0
D. Wrona,CF,7.15,26,16,6
D. Wrona,"CF, RAMF",0.43,3,1,0
D. Wrona,"CF, RW",0.33,2,2,1
D. Wrona,"CF, RWF",0.13,1,1,0
D. Wrona,LAMF,0.52,4,3,0
D. Wrona,"LAMF, RAMF",0.49,4,1,0
D. Wrona,RAMF,0.47000000000000003,2,2,1
E. Caceres,AMF,0.16,5,1,1
E. Caceres,"AMF, DMF",0.02,1,0,0
E. Caceres,"AMF, LCMF, LCMF3",0.28,2,1,0
E. Caceres,"AMF, LDMF",0.19,6,1,0
E. Caceres,"AMF, RDMF",0.18,2,0,0
E. Caceres,"DMF, LAMF, LCMF, LCMF3",0.32,3,2,2
E. Caceres,"DMF, LCMF3",0.01,2,0,0
E. Caceres,"DMF, RCMF",0.27,6,0,0
E. Caceres,"LB, LCMF, RCMF, RW",0.04,1,0,0
E. Caceres,LCMF,1.72,21,9,4
E. Caceres,"LCMF, LCMF3",0.04,2,0,0
E. Caceres,"LCMF, LDMF",0.01,1,0,0
E. Caceres,"LCMF, LW",0.34,2,2,0
E. Caceres,"LCMF, RCMF",1.75,21,8,3
E. Caceres,"LCMF, RCMF3",0.28,3,3,1
E. Caceres,LCMF3,1.38,19,6,3
E. Caceres,"LCMF3, RCMF",0.27,3,1,1
E. Caceres,LDMF,0.0,2,0,0
E. Caceres,"LDMF, RDMF",0.02,1,0,0
E. Caceres,RCMF,0.03,5,0,0
E. Caceres,RCMF3,0.76,6,3,2
E. Emovon,CF,1.7,9,3,1
E. Jones,RCMF,0.01,2,0,0
E. Jones,RDMF,0.07,1,0,0
E. Ruiz,RDMF,0.02,2,0,0
F. Bell,"DMF, LCMF, RAMF, RCMF",0.0,1,0,0
F. Bell,"DMF, RDMF",0.35,4,1,0
F. Bell,LCMF,0.11,4,0,0
F. Bell,"LCMF, RCMF",0.15,3,0,0
F. Di Ponzio,AMF,0.0,1,0,0
F. Di Ponzio,"CF, RWB",0.33,2,1,0
F. Di Ponzio,"LAMF, RAMF",0.66,3,2,1
F. Di Ponzio,"LAMF, RW",0.0,1,0,0
G. Elmquist,CF,3.2199999999999998,30,14,3
I. Abbey,"AMF, LAMF",0.51,3,2,1
I. Abbey,CF,0.6,3,2,0
I. Abbey,"CF, LAMF, LWF",0.09,3,0,0
I. Abbey,"CF, LW",1.17,4,1,1
I. Abbey,"CF, RWF",0.04,1,1,1
I. Abbey,LAMF,0.99,13,5,0
I. Abbey,"LAMF, LW",0.09,2,1,0
I. Abbey,"LAMF, RAMF",0.76,9,2,0
I. Abbey,"LAMF, RW",0.13,2,0,0
I. Abbey,"LAMF, RWF",0.17,1,1,1
I. Abbey,"LB, LW, RAMF",0.01,1,0,0
I. Abbey,"LW, CF",0.05,1,1,0
I. Abbey,"LW, RAMF",0.69,1,1,1
I. Abbey,"LWB, RAMF",0.5,3,0,0
I. Abbey,LWF,0.75,4,3,1
I. Abbey,RAMF,0.86,6,3,1
I. Addimandi,CF,0.25,1,0,0
I. Addimandi,"CF, RW",0.48,4,1,0
I. Addimandi,"LW, LWF",0.06,1,1,0
I. Addimandi,"LWF, RWF",0.04,1,1,1
I. Obeid,RAMF,0.03,2,0,0
I. Tyrkus,"AMF, CF",0.08,1,1,0
I. Tyrkus,CF,0.09999999999999999,3,2,0
J. Bucknor,CF,0.84,6,3,2
J. Bucknor,"DMF, RB5, RCMF3",0.05,1,1,1
J. Bucknor,"RAMF, RW",0.52,3,2,1
J. Bucknor,"RB5, RWF",0.73,3,2,2
J. Bucknor,"RW, RWF",0.1,2,1,0
J. Contell,"AMF, RW, CF",0.32,3,1,1
J. Contell,CF,6.21,30,14,5
J. Contell,"CF, LW",0.2,2,1,1
J. Contell,"CF, LW, RAMF, RWF",0.33,2,0,0
J. Contell,"CF, LW, RWF",0.14,2,2,0
J. Contell,"CF, LWF",0.14,2,1,0
J. Contell,"CF, RAMF",1.91,7,4,2
J. Contell,"CF, RW",0.8099999999999999,7,5,0
J. Contell,"CF, RWF",1.4,8,4,1
J. Contell,"LAMF, LW",0.11,1,0,0
J. Contell,"LWF, RWF",0.2,3,1,0
J. Contell,RAMF,0.18,2,2,0
J. Contell,"RAMF, RB, CF",0.04,1,1,0
J. Contell,"RAMF, RW",0.83,6,2,0
J. Contell,"RW, CF",0.44999999999999996,3,3,2
J. Contell,"RW, RWF",1.07,4,1,0
J. Contell,RWF,0.5,4,2,0
J. Dale,LAMF,0.2,2,2,1
J. Dale,"LW, RAMF",0.33,1,1,0
J. Dale,"LW, RAMF, RW",0.03,1,0,0
J. Dale,RAMF,0.28,3,2,0
J. Diaz,CF,0.05,1,1,0
J. Diaz,"LAMF, RAMF",0.03,2,1,1
J. Diaz,LWF,0.08,1,0,0
J. Gajadhar,AMF,0.7,9,4,1
J. Gajadhar,"AMF, CF",0.35,1,1,0
J. Gajadhar,"AMF, LAMF",0.45,3,2,1
J. Gajadhar,"AMF, LCMF",0.29,3,1,0
J. Gajadhar,"AMF, LCMF3",0.14,2,1,1
J. Gajadhar,"AMF, LDMF",0.14,1,1,0
J. Gajadhar,"AMF, RW",0.57,3,2,1
J. Gajadhar,"LCMF, LW",0.36,1,1,1
J. Gajadhar,RCMF,0.22999999999999998,5,1,0
J. Guggemos,AMF,0.88,10,6,1
J. Guggemos,"AMF, CF",0.11,1,1,0
J. Guggemos,CF,0.04,1,1,0
J. Guggemos,"CF, RAMF",0.44,5,2,0
J. Guggemos,"RW, CF",0.07,3,0,0
J. Guggemos,RWF,0.0,1,0,0
J. Kuhr,DMF,0.06,1,0,0
J. Maguire,CF,0.0,1,0,0
J. Maguire(1),CF,0.0,1,0,0
J. Michel,CF,0.15,1,0,0
J. Michel,LAMF,0.08,1,1,0
J. Ramos,"AMF, CF",0.01,1,1,0
J. Ramos,LCMF,0.28,8,2,0
J. Ramos,"LCMF, LCMF3, RCMF",0.06,2,1,0
J. Ramos,"LCMF, LW",0.18,2,1,1
J. Ramos,LCMF3,0.04,3,2,0
J. Ramos,RCMF,0.0,1,0,0
J. Ramos,RWF,0.07,2,2,0
J. Spadafora(1),"AMF, CF",0.56,4,0,0
J. Spadafora(1),CF,5.140000000000001,45,20,4
J. Spadafora(1),"CF, LW",0.14,1,1,0
J. Spadafora(1),"CF, LWF",0.23,1,0,0
J. Spadafora(1),"CF, RAMF",0.28,2,0,0
J. Spadafora(1),"CF, RW",0.24,3,0,0
J. Stout,"AMF, CF, LW",0.59,3,1,1
J. Stout,"AMF, LAMF, RAMF",0.17,2,1,0
J. Stout,CF,0.22,3,0,0
J. Stout,"CF, LW",0.9299999999999999,6,5,3
J. Stout,LAMF,3.63,29,8,6
J. Stout,"LAMF, LW",1.51,4,2,1
J. Stout,"LAMF, RAMF",0.5700000000000001,4,1,0
J. Stout,"LW, CF",0.22999999999999998,5,1,0
J. Stout,LWF,0.31,2,1,0
J. Suchecki,AMF,0.4,1,0,0
J. Suchecki,"AMF, LDMF",0.28,4,1,0
J. Suchecki,"AMF, RCMF",0.02,1,0,0
J. Suchecki,"AMF, RDMF",0.04,2,1,1
J. Suchecki,DMF,0.98,3,2,0
J. Suchecki,"DMF, LCMF, LDMF",0.01,1,0,0
J. Suchecki,LCMF,0.04,3,0,0
J. Suchecki,"LCMF, LW, RCMF",0.08,2,0,0
J. Suchecki,"LCMF, RCMF",0.36,5,2,2
J. Suchecki,LDMF,1.8199999999999998,9,5,1
J. Suchecki,"LDMF, RDMF",0.2,1,0,0
J. Suchecki,RCMF,0.48000000000000004,7,1,0
J. Van Deventer,AMF,0.16,4,1,0
J. Van Deventer,"AMF, RAMF",0.13,1,1,1
J. Van Deventer,CF,0.01,1,1,0
J. Van Deventer,"CF, LW",0.15,2,0,0
J. Van Deventer,DMF,0.0,1,0,0
J. Van Deventer,"LW, RCMF",0.11,1,0,0
J. Van Deventer,RAMF,0.51,2,1,1
J. Wagoner,LCMF,0.36,2,2,0
J. Wagoner,"LCMF, LDMF",0.04,1,0,0
J. Wagoner,"LCMF, RCMF",0.22,2,0,0
J. Wagoner,RCMF,0.3,9,2,0
J. Wagoner,RDMF,0.4,3,1,0
J. Weiss,"AMF, CF",0.23,3,0,0
J. Weiss,CF,16.23,111,49,19
J. Weiss,"CF, LAMF",0.31,8,3,1
J. Weiss,"CF, LW",0.19,4,1,0
J. Weiss,"CF, LWF",0.39,6,5,0
J. Weiss,"CF, RAMF",0.43,4,1,0
J. Weiss,LAMF,2.34,13,7,4
J. Weiss,"LAMF, LW",0.02,1,1,0
J. Weiss,"LAMF, RAMF",1.4100000000000001,12,5,0
J. Weiss,"LWB, RWF, CF",0.76,1,1,0
J. Weiss,LWF,0.65,4,0,0
J. Weiss,"RW, CF",0.14,3,1,0
J. Weiss,RWF,0.58,5,2,0
J. Zalinsky,"RAMF, RB",0.0,1,0,0
K. Andrews,CF,0.98,2,2,1
K. Andrews,"CF, LW",0.31,3,1,0
K. Andrews,"DMF, LCMF",0.0,1,0,0
K. Andrews,LAMF,0.65,8,3,0
K. Andrews,"LAMF, LW",0.73,4,2,0
K. Andrews,"LW, RCMF",0.02,1,0,0
K. Arnarsson,LCMF,0.29,2,0,0
K. Brame,"LCMF, RCMF",0.13,2,0,0
K. Brame,RCMF,0.24,1,0,0
K. Brame,"RCMF, RWB",0.04,1,1,0
K. Dadzie,AMF,0.2,3,0,0
K. Dadzie,"AMF, CF",0.78,3,1,1
K. Dadzie,"AMF, LAMF",0.95,4,2,0
K. Dadzie,"AMF, LW",0.76,1,1,1
K. Dadzie,CF,7.05,56,24,7
K. Dadzie,"CF, LAMF",0.11,3,1,0
K. Dadzie,"CF, LW",0.39,1,0,0
K. Dadzie,LAMF,1.6300000000000001,20,8,5
K. Dadzie,"LAMF, CF",0.8,7,3,1
K. Dadzie,RAMF,0.49,4,2,1
K. Dadzie,"RAMF, CF",0.16,1,0,0
K. Quist-Therson,"AMF, RAMF",0.4,2,1,0
K. Quist-Therson,DMF,0.0,1,0,0
K. Quist-Therson,RAMF,0.02,1,0,0
K. Quist-Therson,RCMF,0.23,3,1,0
K. Quist-Therson,RDMF,0.66,5,1,0
K. Schueneman,CF,0.08,1,1,0
K. Schueneman,"RAMF, RDMF",0.01,1,0,0
L. Aviles,"RCMF, RW",0.03,1,0,0
L. Aviles,RWF,0.0,1,0,0
L. Bezerra,"AMF, CF, LAMF",0.27,4,3,1
L. Bezerra,CF,1.79,16,4,0
L. Bezerra,"CF, RW",0.02,1,0,0
L. Costabile,"LAMF, LB",0.04,2,1,0
L. Gerhardt,AMF,0.12,1,1,0
L. Gerhardt,"AMF, DMF",0.31,2,0,0
L. Gerhardt,"DMF, RCMF",0.09000000000000001,3,1,1
L. Gerhardt,"LB, LCMF, RW",0.02,1,1,0
L. Gerhardt,LCMF,0.01,2,0,0
L. Gerhardt,"LCMF, RCMF",0.09000000000000001,2,1,1
L. Gerhardt,LCMF3,0.02,1,0,0
L. Gerhardt,"LCMF3, RCMF, RCMF3",0.26,1,1,1
L. Gerhardt,LDMF,0.14,3,2,0
L. Gerhardt,"LDMF, RCMF",0.0,1,0,0
L. Gerhardt,"LDMF, RCMF, RDMF",0.2,4,3,0
L. Gerhardt,"LDMF, RDMF",0.31,3,1,0
L. Gerhardt,RCMF,0.1,3,0,0
L. Gerhardt,RDMF,1.51,11,3,0
L. Jeffus,"DMF, LCMF3, RCMF3",0.01,1,0,0
L. Jeffus,"LAMF, RAMF",0.11000000000000001,3,2,1
L. Jeffus,"LB, RCB, RCMF",0.05,1,0,0
L. Jeffus,"LCMF3, RCMF3",0.33,6,0,0
L. Jeffus,LDMF,0.01,1,0,0
L. Jeffus,RAMF,0.54,11,1,0
L. Jeffus,"RAMF, RCB3",0.01,1,0,0
L. Jeffus,"RAMF, RDMF",0.32,3,0,0
L. Jeffus,"RB, RDMF",0.31000000000000005,2,1,0
L. Jeffus,"RCB, RCMF3",0.01,1,0,0
L. Jeffus,RCMF3,1.16,15,4,2
L. Koehl,AMF,0.0,1,0,0
L. Koehl,"AMF, LAMF",0.0,1,0,0
L. Koehl,"AMF, LDMF",0.9400000000000001,4,1,1
L. Koehl,LCMF,2.24,15,4,2
L. Koehl,"LCMF, LDMF",0.91,6,3,1
L. Koehl,"LCMF, LW",0.76,1,1,1
L. Koehl,LDMF,1.3,11,4,1
L. Koehl,RCMF,0.02,2,0,0
L. Pechota,AMF,0.36,2,0,0
L. Pechota,"AMF, LCMF, RAMF",0.33,2,0,0
L. Pechota,"CF, LW",0.2,1,1,1
L. Pechota,"LAMF, LW",0.01,1,0,0
L. Pechota,"LAMF, RAMF",0.35,5,1,0
L. Pechota,"LAMF, RAMF, RW",0.16,1,0,0
L. Pechota,LCMF,0.01,1,0,0
L. Pechota,"LCMF, LCMF3, LW",0.68,4,1,1
L. Pechota,"LCMF, LW",0.03,3,0,0
L. Pechota,"LCMF, RCMF",1.21,7,4,4
L. Pechota,"LCMF, RCMF, RW",0.07,2,1,0
L. Pechota,"LW, CF",0.01,1,0,0
L. Pechota,"LW, RCMF",0.0,1,0,0
L. Pechota,"RAMF, RW",0.05,1,1,0
L. Pechota,"RCMF, RW",0.1,2,0,0
L. Shreiner,"CF, RW",0.27,2,0,0
L. Van Heukelum,CF,7.2,41,15,6
M. Adedokun,"AMF, RCMF",0.1,1,0,0
M. Adedokun,CF,2.91,27,10,3
M. Adedokun,"CF, LAMF",0.15,4,1,1
M. Adedokun,"CF, LCMF",0.4,4,2,0
M. Adedokun,"CF, LCMF, RCMF",0.31,3,2,1
M. Adedokun,"CF, LW",0.34,6,2,2
M. Adedokun,"CF, LW, RW",0.41,3,1,0
M. Adedokun,"CF, LWF",0.45999999999999996,6,2,0
M. Adedokun,"LAMF, LW",0.43,7,0,0
M. Adedokun,"LCMF, LW, RCMF",0.0,1,0,0
M. Adedokun,"LCMF, RCMF",2.47,14,5,0
M. Adedokun,LCMF3,0.15,3,1,0
M. Adedokun,LDMF,0.1,3,1,0
M. Adedokun,"LDMF, RDMF",0.01,3,0,0
M. Adedokun,"LW, CF",0.98,10,4,2
M. Adedokun,"LW, RW, CF",0.62,4,3,1
M. Adedokun,"LWF, RCMF, RCMF3",1.03,4,4,1
M. Adedokun,RCMF,0.36,6,1,0
M. Adedokun,RCMF3,0.97,5,4,2
M. Adedokun,RDMF,0.04,3,0,0
M. Borkovic,"AMF, CF",0.15,3,1,0
M. Borkovic,CF,11.19,56,26,9
M. Borkovic,"CF, LW",0.38,2,0,0
M. Borkovic,"CF, RW",1.03,6,2,1
M. Borkovic,"LW, RW, CF",0.43,5,2,0
M. Borkovic,"RW, CF",0.09,1,0,0
M. Daouda,"LCMF, RCMF",0.06,1,1,0
M. Daouda,RCMF,0.58,9,4,1
M. De Jesus,AMF,0.22,3,2,0
M. De Jesus,"CF, RCMF",0.85,4,3,1
M. De Jesus,LAMF,0.11,1,0,0
M. De Jesus,"LAMF, RB",0.03,1,0,0
M. De Jesus,"LCMF, RCMF",0.14,3,1,0
M. De Jesus,RCMF,0.11,3,1,0
M. Diop,CF,0.77,6,1,1
M. Hewes,AMF,0.45999999999999996,6,3,1
M. Hewes,"AMF, LCMF",0.11,2,0,0
M. Hewes,CF,6.78,26,15,7
M. Hewes,"CF, LW",0.0,1,0,0
M. Hewes,"CF, RW",0.07,1,0,0
M. Hewes,"LCMF3, LW",0.24,1,0,0
M. Hewes,"LW, CF",0.01,1,1,0
M. Hewes,"LW, RW, CF",0.27,3,3,2
M. Hewes,RCMF,0.05,2,0,0
M. Hewes,"RW, CF",0.37,3,0,0
M. Hrvojevic,"AMF, RW",0.26,1,1,0
M. Hrvojevic,CF,0.99,6,3,0
M. Hrvojevic,"CF, LCMF, RW",0.12,2,0,0
M. Hrvojevic,"CF, RWF",0.25,1,0,0
M. Hrvojevic,LAMF,0.18,2,0,0
M. Hrvojevic,"LAMF, RAMF",0.29,4,1,0
M. Hrvojevic,"LW, RW, CF",0.16,2,2,0
M. Hrvojevic,"RAMF, CF",0.09,1,0,0
M. Lejbowicz,CF,0.04,1,0,0
M. Leon,CF,0.44,4,1,0
M. Leon,"CF, RAMF",0.04,1,0,0
M. Leon,"CF, RW",0.9400000000000002,6,2,0
M. Leon,"CF, RWF",0.01,1,0,0
M. Leon,"RCMF, RW",0.37,2,0,0
M. Leon,"RCMF3, CF",1.23,3,0,0
M. Lynch,"CF, LB",0.1,2,2,0
M. Lynch,LDMF,0.09,1,1,0
M. Lynch,RAMF,0.5599999999999999,4,1,0
M. Marshall,RWF,0.55,3,1,1
M. Nesci,CF,0.77,11,5,1
M. Nesci,"CF, RWF",0.22,2,0,0
M. Parker,DMF,0.0,1,0,0
M. Ramirez,CF,0.1,2,1,0
M. Ramirez,"RCMF3, RWF",0.09,2,1,0
M. Riley,AMF,2.0100000000000002,11,4,3
M. Riley,"AMF, CF",1.41,8,0,0
M. Riley,"AMF, CF, RW",0.42,3,1,0
M. Riley,"AMF, RAMF",0.96,4,3,0
M. Riley,CF,1.81,15,6,1
M. Riley,"RCMF, RW",0.31,4,2,0
M. Rogers,AMF,0.64,13,4,0
M. Rogers,"AMF, CF",0.22,3,1,1
M. Rogers,"AMF, CF, LAMF",0.01,1,0,0
M. Rogers,"AMF, LAMF",0.3,3,2,0
M. Rogers,"AMF, LAMF, LB, RAMF",0.1,3,0,0
M. Rogers,"AMF, LAMF, RAMF",0.02,1,0,0
M. Rogers,"AMF, LW",0.1,1,1,1
M. Rogers,"AMF, LW, RCMF",0.14,2,0,0
M. Rogers,"AMF, RAMF",0.07,5,2,0
M. Rogers,CF,1.42,20,4,0
M. Rogers,"CF, LAMF, RAMF",0.22,5,1,0
M. Rogers,"CF, LCMF, RW",0.15,4,1,1
M. Rogers,"CF, LW",0.42,1,1,1
M. Rogers,"CF, LW, RCMF3",0.34,2,1,1
M. Rogers,"CF, LW, RW",0.37,6,4,2
M. Rogers,"CF, LWB, RCMF, RW",1.32,6,2,1
M. Rogers,"CF, RAMF, RCMF",0.12,1,0,0
M. Rogers,"CF, RW",0.14,3,2,0
M. Rogers,LAMF,0.44000000000000006,9,2,0
M. Rogers,"LAMF, LCMF3",0.33,3,3,1
M. Rogers,"LAMF, LDMF",0.07,2,0,0
M. Rogers,"LAMF, RAMF",0.07,1,1,0
M. Rogers,"LAMF, RW",0.13,3,1,0
M. Rogers,LCMF,0.78,4,1,0
M. Rogers,"LCMF, LW",0.09,4,0,0
M. Rogers,"LCMF, RCMF, RW",0.01,3,0,0
M. Rogers,"LW, RCMF, RDMF, RW",0.07,1,0,0
M. Rogers,"LW, RW, CF",0.29,1,1,0
M. Rogers,RAMF,0.1,1,0,0
M. Rogers,"RW, CF",0.25,10,1,0
M. Saad,CF,2.78,15,9,2
M. Saad,LAMF,0.1,1,1,0
M. Zachemski,AMF,0.8999999999999999,3,2,1
M. Zachemski,"AMF, LDMF",0.15,1,1,1
M. Zachemski,"DMF, RCMF",0.16,1,0,0
M. Zachemski,"LCMF, RCMF",0.0,1,0,0
M. Zachemski,RCMF,0.76,1,1,1
N. Cabrera,AMF,0.01,2,0,0
N. Cabrera,"AMF, LDMF",0.74,3,1,0
N. Cabrera,"AMF, LDMF, RCMF",0.13,1,0,0
N. Cabrera,"DMF, LCMF, RCMF",0.0,1,0,0
N. Cabrera,"LAMF, LCMF",0.01,1,1,0
N. Cabrera,"LB, LCMF",0.02,1,0,0
N. Cabrera,"LCMF, CF",0.14,1,0,0
N. Cabrera,"LCMF, RCMF",0.18000000000000002,4,1,1
N. Cabrera,LCMF3,0.13,1,0,0
N. Cabrera,LDMF,0.17,3,1,1
N. Cabrera,"LDMF, RCMF",0.03,1,0,0
N. Cabrera,RCMF,0.09,2,0,0
N. Cassiday,CF,0.19,2,0,0
N. Cassiday,"LAMF, RWF",0.08,1,0,0
N. Cassiday,"LCMF3, RCMF3",0.04,1,1,0
N. Cassiday,"LWF, RWB",0.22,4,0,0
N. Cassiday,"RAMF, RW",0.04,1,0,0
N. Cassiday,"RW, CF",0.5,3,1,0
N. Cassiday,RWF,0.02,1,0,0
N. Cavallo,"LAMF, LB, RB",0.17,2,1,0
N. Cavallo,"LB, LW, RCMF",0.16,1,1,1
N. Glorioso,DMF,0.23,2,0,0
N. Glorioso,RAMF,0.37,1,0,0
N. Glorioso,"RAMF, RB, RW",0.01,1,0,0
N. Glorioso,RWF,0.01,1,0,0
N. Joseph,CF,0.48,3,1,0
N. McHenry,"AMF, RCB",0.18,1,1,0
N. McHenry,"LCMF, RCMF",0.18,2,0,0
N. McHenry,RCMF,0.0,1,0,0
N. O'Brien,CF,3.43,23,7,3
N. Rosamilia,"AMF, CF",0.2,4,0,0
N. Rosamilia,"AMF, LAMF",0.52,3,1,1
N. Rosamilia,CF,2.17,11,8,4
N. Rosamilia,"CF, LCMF3",0.76,1,1,0
N. Rosamilia,"CF, LW",0.53,5,3,0
N. Rosamilia,"CF, LW, RW",0.18,1,0,0
N. Rosamilia,"CF, RAMF",0.26,1,0,0
N. Rosamilia,"CF, RW",0.12,1,1,0
N. Rosamilia,"LAMF, LCMF3, LWF, RAMF",0.02,1,1,0
N. Rosamilia,LDMF,0.07,1,0,0
N. Rosamilia,"LWF, RWF",0.43,5,3,0
N. Rosamilia,RAMF,0.06,1,0,0
N. Rosamilia,"RAMF, CF",0.05,1,0,0
N. Røjel,CF,16.17,81,44,20
N. Røjel,"CF, LWF",0.25,1,0,0
N. Røjel,"CF, RWF",0.44,3,2,2
N. Skubis,"CF, LCMF, RW",0.07,2,0,0
N. Skubis,"CF, LW",0.49,4,3,1
N. Skubis,LWF,0.04,1,0,0
N. Skubis,"RW, CF",0.05,2,0,0
O. Foster,"AMF, CF",0.1,2,0,0
O. Foster,CF,2.8,21,13,3
O. Maeland,AMF,0.65,1,1,1
O. Maeland,"AMF, CF",0.17,1,1,0
O. Maeland,"AMF, CF, RWB",0.15,4,1,0
O. Maeland,"AMF, LW",0.03,1,1,0
O. Maeland,CF,5.37,37,17,5
O. Maeland,"CF, LW",0.1,2,1,0
O. Maeland,"CF, RAMF",0.3,2,0,0
O. Maeland,"CF, RW",0.51,2,1,1
O. Maeland,"CF, RWF",0.65,2,0,0
O. Maeland,LAMF,0.41000000000000003,3,1,1
O. Maeland,"LAMF, LW, RAMF",0.13,1,1,1
O. Maeland,"LAMF, RAMF",0.14,2,2,1
O. Maeland,"LCMF3, RW",0.06,1,1,0
O. Maeland,"LW, CF",0.05,1,0,0
O. Maeland,LWF,0.22999999999999998,4,0,0
O. Maeland,"LWF, RWF",0.9199999999999999,2,1,1
O. Maeland,RAMF,0.26,4,2,1
O. Maeland,"RAMF, RW",0.16,1,0,0
O. Maeland,RWF,0.16,2,2,0
O. Martin,CF,0.62,5,3,2
O. Martin,"CF, RCMF3",0.07,1,0,0
O. Martin,RCMF3,0.56,3,0,0
O. Martin,RWF,0.21000000000000002,3,1,1
P. Greenlee,"LAMF, RAMF",0.28,2,2,1
P. Grinstead,"AMF, LAMF",0.32,3,0,0
P. Grinstead,"AMF, LCMF, RDMF",0.06,1,0,0
P. Grinstead,CF,1.3699999999999999,7,3,1
P. Grinstead,LAMF,1.44,11,4,2
P. Grinstead,"LAMF, LW",0.62,5,1,0
P. Grinstead,"LAMF, LW, RB",0.37,5,2,1
P. Grinstead,"LAMF, RAMF",0.1,2,0,0
P. Grinstead,"LB5, LWB, RCMF",0.04,1,0,0
P. Grinstead,"LCMF, RCMF",0.15,1,1,0
P. Grinstead,"LW, RAMF",0.07,2,0,0
P. Grinstead,"LW, RCMF, RW",0.11,1,1,1
P. Grinstead,"LW, RCMF3, RW",0.37,4,1,0
P. Grinstead,RAMF,0.52,9,5,0
P. Grinstead,"RAMF, CF",0.18,1,1,0
P. Grinstead,"RCMF3, RW",0.11,1,1,1
P. Kingston,"AMF, CF",0.12,2,1,0
P. Kingston,"AMF, CF, RAMF",1.21,6,3,0
P. Kingston,"AMF, DMF, LAMF, LCMF3",0.45,5,2,0
P. Kingston,"AMF, LCMF, RCMF",0.08,1,0,0
P. Kingston,"AMF, LCMF, RCMF, RW",0.32,2,0,0
P. Kingston,"AMF, LDMF, RDMF",0.78,2,1,0
P. Kingston,"AMF, RW",0.05,1,0,0
P. Kingston,CF,0.9299999999999999,9,3,1
P. Kingston,"LB5, LCMF",0.04,1,0,0
P. Kingston,LCMF,0.12000000000000001,2,2,0
P. Kingston,"LCMF, LW, RCMF",0.09,3,0,0
P. Kingston,"LCMF, RB",0.01,1,0,0
P. Kingston,"LCMF, RB, RWB",0.03,2,0,0
P. Kingston,"LCMF, RCMF",0.05,2,1,0
P. Kingston,"LCMF, RCMF, RWB",0.03,1,0,0
P. Kingston,"LCMF, RW",0.06,1,1,0
P. Kingston,"LCMF3, LWB, RCMF",0.08,2,2,0
P. Kingston,LDMF,0.04,2,1,0
P. Kingston,"LDMF, RCMF",0.15,2,2,0
P. Kingston,"LDMF, RDMF",0.11,2,2,1
P. Kingston,"LW, RW, CF",0.0,1,0,0
P. Kingston,"LW, RW, RWB, CF",0.01,1,0,0
P. Kingston,RAMF,0.77,3,1,1
P. Kingston,RCMF,1.18,5,2,2
P. Kingston,"RW, CF",0.82,6,4,3
P. Lurot,"CB, DMF, RCMF3",0.02,1,1,0
P. McDonald,"AMF, LDMF",0.02,2,0,0
P. McDonald,DMF,0.38,2,0,0
P. McDonald,"DMF, LCMF",0.01,1,0,0
P. McDonald,"DMF, LCMF, LW",0.09,1,0,0
P. McDonald,LCMF,2.96,28,12,7
P. McDonald,"LCMF, LDMF",0.21000000000000002,4,2,0
P. McDonald,"LCMF, RCMF",0.58,9,1,0
P. McDonald,"LCMF, RDMF",0.14,1,1,0
P. McDonald,LDMF,0.24,6,2,1
P. McDonald,"LDMF, RCMF",0.0,1,0,0
P. McDonald,RCMF,0.02,1,0,0
P. Naef,CF,0.77,4,1,1
P. Naef,"CF, RAMF, RDMF",0.01,1,0,0
P. Naef,RAMF,0.27,2,1,0
P. Naef,"RCMF3, RW",0.04,1,0,0
P. Naef,RWF,0.14,4,2,0
P. O'Toole,"RAMF, RW",0.18,1,1,1
P. Reisz,"AMF, LDMF",0.26,1,0,0
P. Reisz,CF,1.04,10,4,1
P. Reisz,LCMF,0.09,2,1,0
P. Reisz,LCMF3,0.08,1,0,0
P. Reisz,LDMF,0.13,3,0,0
P. Reisz,RDMF,0.14,3,1,0
P. Son,CF,0.62,6,3,1
P. Son,"CF, LWF",0.02,1,1,0
P. Son,LAMF,0.61,5,3,0
P. Son,"LAMF, RAMF",0.19,1,1,0
P. Son,"LCMF, LW",0.01,1,0,0
P. Son,"LCMF3, CF",0.08,2,0,0
P. Son,"RAMF, RWF",0.02,1,0,0
P. Son,"RCMF3, RWF",0.0,1,0,0
Q. Rogers,"AMF, LCMF, RCMF",0.28,2,0,0
Q. Rogers,DMF,0.43,18,3,1
Q. Rogers,"DMF, LCB, RCMF",0.02,1,0,0
Q. Rogers,"DMF, LCMF",0.02,2,0,0
Q. Rogers,"DMF, LCMF, RCMF",0.15,2,2,0
Q. Rogers,"DMF, LDMF, RDMF",0.21000000000000002,4,1,0
Q. Rogers,"DMF, RB, RCB3, RCMF",0.03,3,0,0
Q. Rogers,"DMF, RCMF",0.04,2,0,0
Q. Rogers,LCMF,0.01,1,0,0
Q. Rogers,"LCMF, RB",0.02,1,0,0
Q. Rogers,"LCMF, RCMF",1.69,7,3,2
Q. Rogers,LDMF,0.05,2,0,0
Q. Rogers,"LDMF, RDMF",0.03,1,1,0
Q. Rogers,RCMF,0.39,8,2,0
Q. Rogers,"RCMF, RDMF",0.76,1,1,1
R. Aman,AMF,0.27,2,0,0
R. Aman,"AMF, LAMF",0.99,8,4,1
R. Aman,"AMF, LW",0.11,2,0,0
R. Aman,CF,1.65,9,5,1
R. Aman,"CF, RW",0.28,4,1,0
R. Aman,LAMF,1.03,9,1,0
R. Aman,"LAMF, LW",0.38,5,1,1
R. Aman,"LAMF, LW, CF",1.09,5,3,0
R. Aman,"LAMF, LW, RAMF",0.06,1,0,0
R. Aman,"LAMF, RAMF",0.2,1,1,0
R. Aman,"RAMF, RW",0.11,1,1,0
R. Burlew,"AMF, LCMF3, CF",0.35,4,1,0
R. Burlew,"AMF, LDMF, LW, RAMF",0.12,3,2,0
R. Burlew,"AMF, RCMF, RDMF",0.41,3,0,0
R. Burlew,"AMF, RWB",0.08,2,0,0
R. Burlew,"DMF, LB",0.0,1,0,0
R. Burlew,"DMF, RB, RW",0.43,5,0,0
R. Burlew,"LB, RDMF",0.15,2,1,0
R. Burlew,"LCMF, RB, RCMF",0.11,1,1,0
R. Burlew,"LCMF3, RCMF, RDMF",0.16,2,0,0
R. Burlew,"LDMF, RDMF",0.56,3,1,0
R. Burlew,"LWB, RB, RCMF3",0.11,1,0,0
R. Burlew,"RB, RDMF",0.06,1,0,0
R. Burlew,RCMF,0.65,3,3,2
R. Eisa,CF,0.9299999999999999,7,1,1
R. Eisa,"LB, CF",0.54,3,3,0
R. Gourdie,AMF,0.35,3,1,0
R. Gourdie,"AMF, LAMF, LDMF",0.04,3,1,0
R. Gourdie,"AMF, LCMF, LWB, RCMF",0.1,1,1,0
R. Gourdie,"AMF, LWB",0.04,2,1,0
R. Gourdie,"AMF, LWB, RWB",0.18,3,1,0
R. Gourdie,"AMF, RAMF",0.07,2,0,0
R. Gourdie,"AMF, RWB",0.11,1,1,0
R. Gourdie,CF,0.15,4,1,0
R. Gourdie,"LAMF, LCMF3",0.07,2,1,1
R. Gourdie,"LAMF, LDMF",0.04,3,0,0
R. Gourdie,"LAMF, RAMF",0.43000000000000005,4,1,1
R. Gourdie,"LCMF, LW",0.01,1,0,0
R. Gourdie,LCMF3,0.0,1,0,0
R. Gourdie,"LCMF3, LW, RB",0.18,3,0,0
R. Gourdie,"LCMF3, LWB",0.07,1,1,0
R. Gourdie,"LCMF3, LWF",0.03,1,1,0
R. Gourdie,"LCMF3, RB",0.13,3,0,0
R. Gourdie,LDMF,0.0,1,0,0
R. Gourdie,"LDMF, RDMF",0.1,1,0,0
R. Gourdie,"LW, RCMF3",0.09,5,2,0
R. Gourdie,RCMF,0.15,4,1,0
R. Gourdie,"RW, CF",0.09,2,0,0
R. Ludwig,AMF,0.09,1,0,0
R. Ludwig,"CF, RW",0.42,4,2,1
R. Ludwig,"LAMF, RAMF",0.23,5,1,1
R. Ludwig,"LAMF, RAMF, RW",0.05,1,0,0
R. Ludwig,RAMF,0.68,6,1,0
R. Ludwig,"RAMF, RW",0.78,2,0,0
R. Ludwig,"RW, CF",0.19,2,1,0
R. Ludwig,"RW, RWF",0.16,1,0,0
R. Ludwig,RWF,0.32,3,1,0
R. Mayer,"LCB, LCMF",0.02,1,0,0
R. Mayer,LCMF,2.16,12,6,1
R. Mayer,"LCMF, RCMF",0.37,4,0,0
R. Perez,"AMF, LCMF3, RCMF3",0.16,5,0,0
R. Perez,"AMF, RDMF",0.01,1,0,0
R. Perez,DMF,0.0,1,0,0
R. Perez,LCMF,0.06,2,0,0
R. Perez,"LCMF, RCMF",0.0,1,0,0
R. Perez,"LCMF3, RCMF3",0.02,1,1,0
R. Perez,"LCMF3, RCMF3, CF",0.08,4,1,0
R. Perez,RCMF,0.6900000000000001,3,1,0
R. Perez,"RCMF, RCMF3",0.23,3,1,1
R. Perez,RCMF3,0.1,6,1,0
S. Bettenhausen,DMF,0.01,2,0,0
S. Bettenhausen,"DMF, LCMF, LCMF3, RCMF",0.07,1,1,0
S. Bettenhausen,"DMF, LCMF, LDMF",0.02,1,0,0
S. Bettenhausen,"DMF, LDMF, RCMF",0.03,1,0,0
S. Bettenhausen,"DMF, RCMF3",0.02,1,0,0
S. Bettenhausen,LCMF,0.05,2,0,0
S. Bettenhausen,"LCMF, RCMF",0.02,2,0,0
S. Bettenhausen,"LCMF, RW",0.21000000000000002,2,2,0
S. Bettenhausen,"LCMF3, LDMF, RCMF",0.05,1,0,0
S. Bettenhausen,"LCMF3, RCMF",0.02,1,0,0
S. Bettenhausen,RCMF,0.25,5,3,0
S. Bettenhausen,"RCMF, CF",0.14,1,1,0
S. Bettenhausen,"RCMF, RW",0.04,1,1,1
S. Bettenhausen,RCMF3,0.03,2,1,0
S. Bettenhausen,RDMF,0.02,2,0,0
S. Godden,"LAMF, LB",0.09,1,1,0
S. Godden,"LB, LCMF3",0.0,1,0,0
S. Hauksson,"AMF, RAMF",0.49,3,2,1
S. Hauksson,"CF, LWF, RWF",0.01,1,0,0
S. Hauksson,LAMF,0.31,2,0,0
S. Hauksson,"LAMF, LWF",0.0,1,0,0
S. Hauksson,LCMF3,0.37,3,1,1
S. Hauksson,LWF,0.97,5,3,1
S. Hauksson,"LWF, RWF",0.28,1,0,0
S. Hauksson,RCMF,0.07,1,0,0
S. Kerrigan,CF,0.9500000000000001,4,1,1
S. Kerrigan,LAMF,0.19,6,2,0
S. Kerrigan,"LAMF, LW, CF",0.16,4,2,0
S. Kerrigan,"LAMF, RAMF",0.76,9,4,0
S. Kerrigan,"LCMF, LW",0.01,1,0,0
S. Kerrigan,"LW, CF",0.76,1,1,1
S. Kerrigan,LWF,0.19,2,2,1
S. Kerrigan,"LWF, RWB",0.23,2,2,2
S. Kerrigan,"RAMF, CF",0.97,2,1,1
S. Kerrigan,RWF,0.32,4,1,0
S. Koza,"LAMF, LB, LB5",0.01,1,1,0
S. Magnusson,"CF, LCB, RCB",0.29,2,1,0
S. Masereka,CF,0.6900000000000001,7,2,1
S. Masereka,"CF, LW, RW",0.56,4,1,1
S. Masereka,"CF, RAMF",0.08,1,0,0
S. Masereka,"CF, RCMF, RW",0.23,1,0,0
S. Masereka,LAMF,0.1,1,0,0
S. Masereka,"LAMF, RAMF, RW",0.2,1,1,0
S. Masereka,"LCMF, RCMF, RW",0.01,1,0,0
S. Masereka,RAMF,0.28,3,1,1
S. Masereka,"RAMF, RW",0.0,1,0,0
S. Masereka,"RW, CF",0.07,1,1,0
S. Nixon,"RB, RWF",0.17,1,0,0
S. Nixon,RWF,0.23,1,0,0
S. Rincón,RAMF,0.55,1,1,1
S. Sarver,AMF,0.04,1,1,0
S. Sarver,"AMF, CF",0.64,6,3,1
S. Sarver,CF,10.29,66,27,12
S. Sarver,"CF, LW",1.18,6,3,2
S. Sarver,"CF, RAMF",0.44,4,0,0
S. Sarver,"CF, RW",0.30000000000000004,5,2,2
S. Sarver,"LW, CF",0.6799999999999999,8,2,1
S. Sarver,"LW, RW, CF",0.71,10,2,0
S. Sarver,LWF,0.11,4,1,1
S. Sarver,RAMF,0.17,3,1,0
S. Sarver,"RAMF, CF",0.24,2,1,0
S. Sarver,"RAMF, RW",0.51,6,2,0
S. Sarver,RCMF3,0.25,3,2,0
S. Sarver,"RW, CF",0.52,6,3,1
S. Scott,"CF, LAMF",0.25,2,1,1
S. Sent,AMF,0.52,1,1,1
S. Sent,CF,0.92,4,2,1
S. Sent,LCMF,0.02,1,0,0
S. Sent,"LCMF, RCMF",0.22,4,0,0
S. Sent,"LCMF, RCMF, RDMF",0.0,1,0,0
S. Sent,LDMF,0.06,3,1,0
S. Sent,"LDMF, RDMF",0.08,2,0,0
S. Sent,RCMF,0.06,1,1,0
S. Soga,AMF,0.03,1,0,0
S. Soga,"AMF, LDMF",0.25,2,1,0
S. Soga,"AMF, RDMF",0.0,1,0,0
S. Soga,CF,0.36,3,0,0
S. Soga,"DMF, RCMF3",0.76,6,1,0
S. Soga,LCMF3,0.11,1,1,0
S. Stewart,"RCMF, RW",0.34,2,1,0
S. Vainstein,DMF,0.15,1,0,0
T. Angelone,"RAMF, RWB",0.01,1,0,0
T. Creech,CF,4.91,30,12,2
T. Creech,"RWF, CF",1.28,5,3,1
T. Dewing,CF,20.26,89,36,20
T. Dewing,"CF, LW",0.01,1,0,0
T. Dewing,"LAMF, CF",0.53,3,0,0
T. Dewing,"LCMF3, CF",0.09,1,0,0
T. Fleming,"AMF, LCMF, RCMF",0.04,1,0,0
T. Fleming,CF,0.2,1,0,0
T. Fleming,LCMF,0.0,1,0,0
T. Fleming,"LCMF, RCMF",0.46,9,1,1
T. Fleming,"LCMF, RCMF, RDMF",0.41,2,0,0
T. Fleming,"LDMF, RCMF",0.0,1,0,0
T. Fleming,"LDMF, RCMF, RDMF",0.08,2,0,0
T. Fleming,"LDMF, RDMF",0.11,3,0,0
T. Fleming,RCMF,1.25,12,2,1
T. Fleming,RDMF,1.25,6,4,3
T. Gilej,"AMF, DMF, LDMF",0.03,1,0,0
T. Gilej,"DMF, LCMF, RCB3",0.19,1,1,0
T. Gilej,"DMF, LCMF, RCMF",0.1,2,0,0
T. Gilej,"DMF, RCMF",0.47,3,1,0
T. Gilej,LCMF,0.46,6,2,1
T. Gilej,"LCMF, LW, RCMF",0.02,1,0,0
T. Gilej,"LCMF, RCMF",1.15,12,1,0
T. Gilej,LDMF,0.68,7,3,0
T. Gilej,"LDMF, RCB",0.16,2,0,0
T. Gilej,"LDMF, RDMF",0.07,1,1,0
T. Gilej,"RCB, RCMF",0.04,1,1,0
T. Gilej,RCMF,0.52,9,5,1
T. Gilej,"RCMF, RDMF",0.55,4,2,0
T. Glassberg,"LB, LWF",0.18,1,1,0
T. Karumanchi,DMF,1.1300000000000001,4,4,0
T. Karumanchi,"DMF, LDMF",0.37,1,1,0
T. Karumanchi,"DMF, RDMF",0.0,1,0,0
T. Karumanchi,"LB, RDMF",0.04,1,0,0
T. Karumanchi,"LCMF, RCMF",0.07,1,1,0
T. Karumanchi,RCMF,0.08,3,0,0
T. Mihalić,AMF,0.16,3,1,0
T. Mihalić,"AMF, CF",0.05,4,1,1
T. Mihalić,"AMF, LAMF",1.34,6,2,1
T. Mihalić,"AMF, LCMF3",0.29,2,1,1
T. Mihalić,"AMF, LW, CF",0.16,5,1,0
T. Mihalić,"AMF, LW, RW",0.12,2,0,0
T. Mihalić,CF,4.84,30,15,8
T. Mihalić,"CF, LAMF",0.18,6,0,0
T. Mihalić,"CF, LCMF",0.03,2,1,0
T. Mihalić,"CF, LCMF3",0.09,1,0,0
T. Mihalić,"CF, LW",1.09,8,4,1
T. Mihalić,"CF, RCMF",0.01,1,0,0
T. Mihalić,"CF, RW",1.09,6,4,1
T. Mihalić,LAMF,0.14,1,1,0
T. Mihalić,"LAMF, LCMF3, RAMF",1.47,8,3,2
T. Mihalić,"LAMF, LW, RW",0.04,2,1,0
T. Mihalić,"LAMF, LWB, RAMF",1.79,5,3,2
T. Mihalić,"LAMF, RAMF",0.77,11,3,0
T. Mihalić,"LAMF, RCMF3",0.23,2,0,0
T. Mihalić,LCMF,0.03,1,0,0
T. Mihalić,"LCMF, LW",0.75,10,1,0
T. Mihalić,LCMF3,0.07,3,1,1
T. Mihalić,"LW, CF",1.34,11,6,1
T. Mihalić,"LW, RCMF",0.13,1,0,0
T. Mihalić,"LW, RW, CF",0.69,4,2,0
T. Mihalić,LWF,0.82,5,2,1
T. Mihalić,"LWF, RCMF, RW",0.01,1,0,0
T. Mihalić,RAMF,0.01,1,0,0
T. Mihalić,"RW, CF",0.08,1,1,0
T. Mihalić,RWF,0.76,2,1,1
T. Raimbault,AMF,0.12,3,2,1
T. Raimbault,"AMF, CF",0.05,1,1,0
T. Raimbault,CF,3.71,29,10,4
T. Raimbault,"CF, LCMF, LW",0.03,1,0,0
T. Raimbault,"CF, LW",0.36,4,3,0
T. Raimbault,"CF, RCMF",0.6000000000000001,4,1,0
T. Raimbault,"CF, RCMF3",0.09,3,0,0
T. Raimbault,"CF, RW",0.26,2,1,0
T. Raimbault,"LW, CF",0.07,1,1,0
T. Raimbault,"RW, CF",0.28,3,0,0
T. Ratoviz,AMF,0.06,1,0,0
T. Ratoviz,CF,0.06,1,1,0
T. Ratoviz,LCMF3,0.09,1,0,0
T. Ratoviz,RCMF,0.25,1,1,1
T. Ratoviz,"RCMF, RCMF3",0.55,1,1,1
T. Ratoviz,RCMF3,0.1,2,0,0
T. Villa,"AMF, RAMF",0.27,4,1,0
T. Villa,LAMF,0.04,1,1,0
T. Villa,"LCMF, RCMF",0.01,1,0,0
T. Villa,LDMF,0.06,1,0,0
T. Villa,RCMF,0.13,5,2,0
U. Zeitz,AMF,0.4,6,1,0
U. Zeitz,"AMF, LCMF",0.72,7,3,0
U. Zeitz,"AMF, LW, RAMF, RCMF",0.49,3,1,0
U. Zeitz,"AMF, RCMF3",0.14,2,0,0
U. Zeitz,CF,0.04,1,1,0
U. Zeitz,LAMF,0.47,1,1,1
U. Zeitz,"LAMF, RAMF",0.44,2,1,1
U. Zeitz,"LB5, LCB3, RCMF3",0.13,1,1,0
U. Zeitz,"LCMF, RCMF",0.52,2,1,0
U. Zeitz,"LCMF3, RAMF, CF",0.3,1,0,0
V. Danielson,"AMF, CF",0.07,1,0,0
V. Danielson,CF,5.12,24,13,6
V. Danielson,"CF, RAMF",0.05,1,0,0
V. Danielson,LAMF,0.18,1,0,0
V. Danielson,"LAMF, RAMF",0.05,1,1,0
V. Kovac,AMF,0.59,3,2,1
V. Kovac,CF,1.0,3,2,1
V. Kovac,LAMF,0.05,1,0,0
V. Kovac,"LAMF, RCMF3",0.09,1,0,0
W. Smith,CF,0.0,1,0,0
Z. Babiak,CF,1.65,9,1,1
Z. Martens,"DMF, RCMF3",0.05,1,1,0
Z. Martens,LCMF,0.05,1,0,0
Z. Martens,RCMF,0.03,1,1,0
Z. Ramsey,AMF,0.05,1,0,0
Z. Ramsey,LAMF,0.53,2,1,1
Z. Ramsey,"LAMF, LW",0.09,1,1,0
Z. Ramsey,"LAMF, RAMF",0.31,1,0,0
